{
	"sheets": [
		{
			"name": "cards",
			"columns": [
				{
					"typeStr": "1",
					"name": "name"
				},
				{
					"typeStr": "5:NEUTRAL,KI,STRENGTH,DEFENSE,SPEED",
					"name": "type"
				},
				{
					"typeStr": "3",
					"name": "pack_id"
				},
				{
					"typeStr": "6:moves",
					"name": "move_1",
					"opt": true
				},
				{
					"typeStr": "6:moves",
					"name": "move_2",
					"opt": true
				},
				{
					"typeStr": "3",
					"name": "hp"
				}
			],
			"lines": [
				{
					"pack_id": 0,
					"name": "Android 18",
					"move_1": "android_barrier",
					"move_2": "destructo_disc",
					"type": 3,
					"hp": 10
				},
				{
					"pack_id": 0,
					"name": "Babidi",
					"move_1": "mind_control",
					"move_2": "heal",
					"type": 0,
					"hp": 7
				},
				{
					"pack_id": 0,
					"name": "Bubbles",
					"move_1": "dodge",
					"type": 4,
					"hp": 5
				},
				{
					"pack_id": 0,
					"name": "Bluma",
					"type": 0,
					"move_1": "charm",
					"move_2": "gun",
					"hp": 7
				},
				{
					"pack_id": 0,
					"name": "Buuhan",
					"move_1": "absorb",
					"move_2": "ki_wave",
					"type": 4,
					"hp": 13
				},
				{
					"pack_id": 0,
					"name": "Buutenks",
					"move_1": "glactic_dount",
					"move_2": "absorb",
					"type": 1,
					"hp": 10
				},
				{
					"pack_id": 0,
					"name": "Chi-chi",
					"move_1": "scold",
					"move_2": "heal",
					"type": 0,
					"hp": 7
				},
				{
					"pack_id": 0,
					"name": "Chronoa",
					"move_1": "future_sight",
					"type": 4,
					"move_2": "heal",
					"hp": 10
				},
				{
					"pack_id": 0,
					"name": "Dabura",
					"move_2": "spit",
					"type": 0,
					"move_1": "meele",
					"hp": 10
				},
				{
					"pack_id": 0,
					"name": "Elder Kai",
					"move_1": "heal",
					"type": 1,
					"move_2": "block",
					"hp": 7
				},
				{
					"pack_id": 0,
					"name": "Evil Buu",
					"move_1": "candy_beam",
					"type": 2,
					"hp": 8
				},
				{
					"pack_id": 0,
					"name": "Tien",
					"move_1": "dodon_ray",
					"type": 2,
					"hp": 8
				},
				{
					"pack_id": 0,
					"name": "Buu",
					"move_1": "candy_beam",
					"move_2": "ki_explosion",
					"type": 3,
					"hp": 12
				},
				{
					"pack_id": 0,
					"name": "Baba",
					"move_1": "future_sight",
					"type": 0,
					"hp": 5
				},
				{
					"pack_id": 0,
					"name": "Ghost Gohan",
					"move_1": "block",
					"type": 0,
					"hp": 7
				},
				{
					"pack_id": 0,
					"name": "Goku",
					"move_1": "kamehameha",
					"move_2": "spirit_bomb",
					"type": 2,
					"hp": 10
				},
				{
					"pack_id": 0,
					"name": "Goz",
					"type": 2,
					"move_1": "meele",
					"hp": 7
				},
				{
					"pack_id": 0,
					"name": "G.Gohn",
					"move_1": "block",
					"move_2": "quick_kick",
					"type": 0,
					"hp": 7
				},
				{
					"pack_id": 0,
					"name": "Gregory",
					"move_1": "dodge",
					"type": 0,
					"hp": 5
				},
				{
					"pack_id": 0,
					"name": "Hero Saga",
					"type": 0,
					"move_1": "bad_lore",
					"hp": 15
				},
				{
					"pack_id": 0,
					"name": "Jin",
					"type": 3,
					"move_1": "angelic_light",
					"move_2": "spirit_bomb",
					"hp": 20
				},
				{
					"pack_id": 0,
					"name": "Kami",
					"move_1": "ki_wave",
					"move_2": "quick_kick",
					"type": 1,
					"hp": 10
				},
				{
					"pack_id": 0,
					"name": "Kid Buu",
					"move_1": "ki_wave",
					"type": 2,
					"hp": 12
				},
				{
					"pack_id": 0,
					"name": "Oozaru",
					"move_1": "mouth_beam",
					"type": 3,
					"hp": 11
				},
				{
					"pack_id": 0,
					"name": "King Kai",
					"move_1": "dodge",
					"type": 4,
					"hp": 10
				},
				{
					"pack_id": 0,
					"name": "King Yama",
					"move_1": "scold",
					"type": 3,
					"hp": 10
				},
				{
					"pack_id": 0,
					"name": "Korin",
					"move_1": "senzu_bean",
					"move_2": "quick_kick",
					"type": 4,
					"hp": 7
				},
				{
					"pack_id": 0,
					"name": "Krillin",
					"move_1": "destructo_disc",
					"move_2": "senzu_bean",
					"type": 1,
					"hp": 10
				},
				{
					"pack_id": 0,
					"name": "Mez",
					"type": 2,
					"move_1": "meele",
					"hp": 7
				},
				{
					"pack_id": 0,
					"name": "Vegeta SSJ2",
					"move_1": "big_bang",
					"move_2": "ki_explosion",
					"type": 1,
					"hp": 14
				},
				{
					"pack_id": 0,
					"name": "Goku SSJ3",
					"move_1": "dragon_fist",
					"move_2": "skamehameha",
					"type": 1,
					"hp": 14
				},
				{
					"pack_id": 0,
					"name": "Gotenks SSJ3",
					"move_1": "glactic_dount",
					"move_2": "mouth_beam",
					"type": 4,
					"hp": 15
				},
				{
					"pack_id": 0,
					"name": "Shin",
					"move_1": "dodge",
					"move_2": "ki_wave",
					"type": 1,
					"hp": 12
				},
				{
					"pack_id": 0,
					"name": "Simu",
					"move_1": "bad_lore",
					"type": 3,
					"move_2": "error",
					"hp": 10
				},
				{
					"pack_id": 0,
					"name": "South Kai",
					"type": 0,
					"move_1": "meele",
					"hp": 7
				},
				{
					"pack_id": 0,
					"name": "Super Buu",
					"move_1": "skamehameha",
					"move_2": "ki_wave",
					"type": 2,
					"hp": 10
				},
				{
					"pack_id": 0,
					"name": "Sus",
					"move_1": "impostor",
					"type": 0,
					"move_2": "gun",
					"hp": 12
				},
				{
					"pack_id": 0,
					"name": "Super Gohn",
					"move_2": "quick_kick",
					"move_1": "masenko",
					"type": 4,
					"hp": 13
				},
				{
					"pack_id": 0,
					"name": "Unknown",
					"move_1": "sword_slash",
					"type": 2,
					"hp": 17
				},
				{
					"pack_id": 0,
					"name": "Yajirobe",
					"move_2": "sword_slash",
					"move_1": "senzu_bean",
					"type": 3,
					"hp": 8
				},
				{
					"pack_id": 0,
					"name": "Yamcha",
					"move_1": "wold_fang_fist",
					"move_2": "kamehameha",
					"type": 4,
					"hp": 8
				},
				{
					"pack_id": 0,
					"name": "BR",
					"type": 2,
					"move_1": "meele",
					"hp": 10
				},
				{
					"pack_id": 0,
					"name": "Mr. Popo",
					"move_1": "quick_kick",
					"move_2": "block",
					"type": 4,
					"hp": 10
				},
				{
					"name": "Mr. Satan",
					"type": 2,
					"pack_id": 0,
					"move_1": "gun",
					"move_2": "quick_kick",
					"hp": 6
				},
				{
					"pack_id": 0,
					"name": "Piccolo",
					"move_1": "sbeam_cannon",
					"move_2": "quick_kick",
					"type": 1,
					"hp": 10
				},
				{
					"name": "Buff Roshi",
					"type": 2,
					"pack_id": 1,
					"move_1": "meele",
					"move_2": "scold",
					"hp": 12
				},
				{
					"name": "Kid Goku",
					"type": 0,
					"pack_id": 1,
					"move_1": "power_pole",
					"move_2": "kamehameha",
					"hp": 8
				},
				{
					"name": "Kid Krillin",
					"type": 0,
					"pack_id": 1,
					"move_1": "quick_kick",
					"hp": 7
				},
				{
					"name": "Launch (Good)",
					"type": 3,
					"pack_id": 1,
					"move_1": "charm",
					"move_2": "heal",
					"hp": 7
				},
				{
					"name": "Launch (Bad)",
					"type": 2,
					"pack_id": 1,
					"move_1": "gun",
					"move_2": "scold",
					"hp": 9
				},
				{
					"name": "Roshi",
					"type": 3,
					"pack_id": 1,
					"move_1": "scold",
					"hp": 7
				},
				{
					"name": "Roshi (UI)",
					"type": 4,
					"pack_id": 1,
					"move_1": "counter",
					"move_2": "dodge",
					"hp": 18
				},
				{
					"name": "Copy Vegeta SSB",
					"type": 1,
					"pack_id": 2,
					"move_2": "quick_kick",
					"move_1": "ki_wave",
					"hp": 12
				},
				{
					"name": "Copy Vegeta",
					"type": 3,
					"pack_id": 2,
					"move_1": "gallic_gun",
					"move_2": "block",
					"hp": 10
				},
				{
					"name": "God Frieza",
					"type": 3,
					"pack_id": 2,
					"move_1": "block",
					"move_2": "ki_wave",
					"hp": 14
				},
				{
					"name": "Golden Frieza",
					"type": 2,
					"pack_id": 2,
					"move_1": "telekenisis",
					"move_2": "death_beam",
					"hp": 13
				},
				{
					"name": "Gohan SSJ",
					"type": 0,
					"pack_id": 2,
					"move_1": "meele",
					"hp": 10
				},
				{
					"name": "Sashimi",
					"type": 3,
					"pack_id": 2,
					"move_1": "block",
					"move_2": "grapple",
					"hp": 8
				},
				{
					"name": "Goku SSB",
					"type": 1,
					"pack_id": 2,
					"move_1": "kamehameha",
					"move_2": "instant_transmission",
					"hp": 10
				},
				{
					"name": "Vegeta SSB",
					"type": 2,
					"pack_id": 2,
					"move_1": "big_bang",
					"move_2": "quick_kick",
					"hp": 10
				},
				{
					"name": "Taogoma",
					"type": 0,
					"pack_id": 2,
					"move_1": "ki_blast",
					"hp": 8
				},
				{
					"name": "Ghost Heithclif",
					"type": 1,
					"pack_id": 3,
					"move_1": "scythe_cut",
					"hp": 10
				},
				{
					"name": "Michiru",
					"type": 4,
					"pack_id": 3,
					"move_1": "scythe_cut",
					"hp": 9
				},
				{
					"name": "Natherack Monster",
					"type": 3,
					"pack_id": 3,
					"move_1": "meele",
					"hp": 7
				},
				{
					"name": "Pheonix",
					"type": 3,
					"pack_id": 3,
					"move_1": "fire_magic",
					"move_2": "heal",
					"hp": 7
				},
				{
					"name": "Queen Yukiko",
					"type": 0,
					"pack_id": 3,
					"move_1": "scythe_cut",
					"hp": 10
				},
				{
					"name": "Fat Janemba",
					"type": 3,
					"pack_id": 4,
					"move_1": "fat_sheild",
					"move_2": "grapple",
					"hp": 15
				},
				{
					"name": "Janemba",
					"type": 1,
					"pack_id": 4,
					"move_1": "sword_slash",
					"move_2": "rakshasas_claw",
					"hp": 17
				},
				{
					"name": "Goku",
					"type": 0,
					"pack_id": 4,
					"move_1": "meele",
					"move_2": "block",
					"hp": 10
				},
				{
					"name": "Goku SSJ",
					"type": 0,
					"pack_id": 4,
					"move_1": "quick_kick",
					"hp": 11
				},
				{
					"name": "Goku SSJ3",
					"type": 1,
					"pack_id": 4,
					"move_1": "kamehameha",
					"move_2": "quick_kick",
					"hp": 12
				},
				{
					"name": "Goku SK",
					"type": 4,
					"pack_id": 4,
					"move_1": "kaioken_rush",
					"move_2": "meele",
					"hp": 13
				},
				{
					"name": "Grand Kai",
					"type": 0,
					"pack_id": 4,
					"move_1": "block",
					"move_2": "charm",
					"hp": 7
				},
				{
					"name": "Olibu",
					"type": 3,
					"pack_id": 4,
					"move_1": "block",
					"move_2": "grapple",
					"hp": 6
				},
				{
					"name": "Pikkon",
					"type": 2,
					"pack_id": 4,
					"move_1": "meele",
					"move_2": "ki_blast",
					"hp": 10
				},
				{
					"name": "Super Pikkon",
					"type": 1,
					"pack_id": 4,
					"move_1": "grapple",
					"move_2": "ki_wave",
					"hp": 13
				},
				{
					"name": "Broly",
					"type": 0,
					"pack_id": 5,
					"move_1": "meele",
					"hp": 7
				},
				{
					"name": "Enraged Broly SSJ",
					"type": 2,
					"pack_id": 5,
					"move_1": "meele",
					"move_2": "slam",
					"hp": 8
				},
				{
					"name": "Broly LSSJ",
					"type": 3,
					"pack_id": 5,
					"move_1": "grapple",
					"move_2": "ki_blast",
					"hp": 10
				},
				{
					"name": "Broly LSSJ3",
					"type": 1,
					"pack_id": 5,
					"move_1": "mouth_beam",
					"move_2": "explosion",
					"hp": 12
				},
				{
					"name": "Broly Maximum",
					"type": 1,
					"pack_id": 5,
					"move_1": "ki_blast",
					"move_2": "slam",
					"hp": 14
				},
				{
					"name": "Broly Maximummer",
					"type": 2,
					"pack_id": 5,
					"move_1": "ki_explosion",
					"move_2": "grapple",
					"hp": 18
				},
				{
					"name": "Paragus",
					"type": 0,
					"pack_id": 5,
					"move_1": "scold",
					"hp": 7
				},
				{
					"name": "Punching Machine",
					"type": 0,
					"pack_id": 5,
					"move_1": "block",
					"hp": 15
				},
				{
					"name": "Scientist Burdock",
					"type": 0,
					"pack_id": 5,
					"move_1": "ki_blast",
					"hp": 7
				},
				{
					"name": "Broly SSJ",
					"type": 4,
					"pack_id": 5,
					"move_1": "ki_blast",
					"move_2": "meele",
					"hp": 13
				},
				{
					"name": "whisKEY BOIII",
					"type": 1,
					"pack_id": 5,
					"move_1": "impostor",
					"move_2": "angelic_light",
					"hp": 12
				},
				{
					"name": "beEEEERCAT",
					"type": 4,
					"pack_id": 5,
					"move_1": "impostor",
					"move_2": "hakai",
					"hp": 12
				},
				{
					"name": "Master Ninja",
					"type": 4,
					"pack_id": 6,
					"move_1": "quick_kick",
					"move_2": "slam",
					"hp": 7
				},
				{
					"name": "Novice Ninja",
					"type": 2,
					"pack_id": 6,
					"move_1": "meele",
					"hp": 5
				},
				{
					"name": "Trained Ninja",
					"type": 3,
					"pack_id": 6,
					"move_1": "quick_kick",
					"hp": 9
				},
				{
					"name": "Adv. Martial Artist",
					"type": 2,
					"pack_id": 7,
					"move_1": "meele",
					"hp": 7
				},
				{
					"name": "Martial Artist SSJ",
					"type": 4,
					"pack_id": 7,
					"move_1": "quick_kick",
					"hp": 9
				},
				{
					"name": "Mr. Po po",
					"type": 0,
					"pack_id": 7,
					"move_1": "scold",
					"move_2": "quick_kick",
					"hp": 12
				},
				{
					"name": "Naif",
					"type": 0,
					"pack_id": 7,
					"move_1": "block",
					"hp": 6
				},
				{
					"name": "Oswald",
					"type": 0,
					"pack_id": 7,
					"move_1": "dodge",
					"hp": 6
				},
				{
					"name": "Slammer",
					"type": 0,
					"pack_id": 7,
					"move_1": "slam",
					"move_2": "error",
					"hp": 8
				},
				{
					"name": "Suntext",
					"type": 1,
					"pack_id": 7,
					"move_1": "error",
					"move_2": "fire_magic",
					"hp": 8
				},
				{
					"name": "Trojan",
					"type": 2,
					"pack_id": 7,
					"move_1": "error",
					"hp": 8
				},
				{
					"name": "Shaggy UI",
					"type": 4,
					"pack_id": 7,
					"move_1": "dodge",
					"move_2": "counter",
					"hp": 18
				},
				{
					"name": "Alguemforce",
					"type": 2,
					"pack_id": 7,
					"move_1": "dodge",
					"move_2": "br_bone",
					"hp": 21
				},
				{
					"name": "BS Shenron",
					"type": 3,
					"pack_id": 8,
					"move_1": "scold",
					"hp": 10
				},
				{
					"name": "Eis Shenron",
					"type": 1,
					"pack_id": 8,
					"move_1": "grapple",
					"move_2": "cold_magic",
					"hp": 12
				},
				{
					"name": "Haze Shenron",
					"type": 0,
					"pack_id": 8,
					"move_1": "mouth_beam",
					"hp": 8
				},
				{
					"name": "Nauturon Shenron",
					"type": 4,
					"pack_id": 8,
					"move_1": "dodge",
					"move_2": "mouth_beam",
					"hp": 12
				},
				{
					"name": "Nuova Shenron",
					"type": 1,
					"pack_id": 8,
					"move_1": "slam",
					"move_2": "fire_magic",
					"hp": 12
				},
				{
					"name": "Oceanus Shenron",
					"type": 4,
					"pack_id": 8,
					"move_1": "ki_wave",
					"move_2": "quick_kick",
					"hp": 12
				},
				{
					"name": "Pan",
					"type": 0,
					"pack_id": 8,
					"move_1": "meele",
					"hp": 7
				},
				{
					"name": "Pilaf",
					"type": 0,
					"pack_id": 8,
					"move_1": "dodge",
					"hp": 5
				},
				{
					"name": "Rage Shenron",
					"type": 4,
					"pack_id": 8,
					"move_1": "dodge",
					"move_2": "quick_kick",
					"hp": 10
				},
				{
					"name": "Gogeta SSJ4",
					"type": 4,
					"pack_id": 8,
					"move_1": "quick_kick",
					"move_2": "big_bang_Kamehameha",
					"hp": 18
				},
				{
					"name": "Syn Shenron",
					"type": 2,
					"pack_id": 8,
					"move_1": "slam",
					"move_2": "grapple",
					"hp": 18
				},
				{
					"name": "Ampora",
					"type": 3,
					"pack_id": 9,
					"move_1": "gun",
					"move_2": "dodge",
					"hp": 8
				},
				{
					"name": "Nitram",
					"type": 0,
					"pack_id": 9,
					"move_1": "instant_transmission",
					"hp": 8
				},
				{
					"name": "Peixes",
					"type": 3,
					"pack_id": 9,
					"move_1": "impale",
					"move_2": "block",
					"hp": 9
				},
				{
					"name": "Bojack",
					"type": 2,
					"pack_id": 9,
					"move_1": "grapple",
					"move_2": "ki_blast",
					"hp": 12
				},
				{
					"name": "BR Agent",
					"type": 2,
					"pack_id": 9,
					"move_1": "gun",
					"hp": 8
				},
				{
					"name": "God Eater Moro",
					"type": 1,
					"pack_id": 9,
					"move_1": "fire_magic",
					"move_2": "angelic_light",
					"hp": 19
				},
				{
					"name": "Abo",
					"type": 3,
					"pack_id": 9,
					"move_1": "block",
					"hp": 6
				},
				{
					"name": "Abokado",
					"type": 2,
					"pack_id": 9,
					"move_1": "meele",
					"move_2": "block",
					"hp": 10
				},
				{
					"name": "Kado",
					"type": 4,
					"pack_id": 9,
					"move_1": "meele",
					"hp": 6
				},
				{
					"name": "Dore",
					"type": 2,
					"pack_id": 9,
					"move_1": "slam",
					"move_2": "grapple",
					"hp": 12
				},
				{
					"name": "Neiz",
					"type": 4,
					"pack_id": 9,
					"move_1": "dodge",
					"move_2": "mouth_beam",
					"hp": 9
				},
				{
					"name": "Salza",
					"type": 1,
					"pack_id": 9,
					"move_1": "ki_blade",
					"move_2": "ki_blast",
					"hp": 10
				},
				{
					"name": "Tao",
					"type": 4,
					"pack_id": 9,
					"move_1": "quick_kick",
					"move_2": "dodon_ray",
					"hp": 8
				},
				{
					"name": "Jaco",
					"type": 0,
					"pack_id": 9,
					"move_1": "gun",
					"hp": 8
				},
				{
					"name": "Meerus",
					"type": 1,
					"pack_id": 9,
					"move_1": "gun",
					"move_2": "grapple",
					"hp": 10
				},
				{
					"name": "Megido",
					"type": 1,
					"pack_id": 9,
					"move_1": "future_sight",
					"hp": 12
				},
				{
					"name": "Moro",
					"type": 1,
					"pack_id": 9,
					"move_1": "fire_magic",
					"move_2": "telekenisis",
					"hp": 14
				},
				{
					"name": "Bojack PK",
					"type": 2,
					"pack_id": 9,
					"move_1": "grapple",
					"move_2": "ki_wave",
					"hp": 17
				},
				{
					"name": "Pyrope",
					"type": 4,
					"pack_id": 9,
					"move_1": "scythe_cut",
					"move_2": "dodge",
					"hp": 12
				},
				{
					"name": "Scalemate",
					"type": 0,
					"pack_id": 9,
					"move_1": "charm",
					"move_2": "mind_control",
					"hp": 12
				},
				{
					"name": "Sentinel",
					"type": 3,
					"pack_id": 9,
					"move_1": "block",
					"move_2": "impale",
					"hp": 12
				},
				{
					"name": "Serket",
					"type": 2,
					"pack_id": 9,
					"move_1": "sword_slash",
					"move_2": "block",
					"hp": 12
				},
				{
					"name": "7-3",
					"type": 1,
					"pack_id": 9,
					"move_1": "android_barrier",
					"move_2": "error",
					"hp": 14
				},
				{
					"name": "Zangya",
					"type": 0,
					"pack_id": 9,
					"move_1": "ki_blast",
					"move_2": "meele",
					"hp": 11
				},
				{
					"name": "BlazeDer",
					"type": 1,
					"pack_id": 10,
					"move_1": "fire_magic",
					"hp": 8
				},
				{
					"name": "Catquid",
					"type": 4,
					"pack_id": 10,
					"move_1": "grapple",
					"hp": 12
				},
				{
					"name": "CreeperMan",
					"type": 0,
					"pack_id": 10,
					"move_1": "ki_explosion",
					"hp": 8
				},
				{
					"name": "HeadMaster",
					"type": 0,
					"pack_id": 10,
					"move_1": "scold",
					"hp": 10
				},
				{
					"name": "HeadMaster Gogeta",
					"type": 2,
					"pack_id": 10,
					"move_1": "bad_lore",
					"move_2": "slam",
					"hp": 12
				},
				{
					"name": "Kefla & Caule",
					"type": 4,
					"pack_id": 10,
					"move_1": "ki_blast",
					"move_2": "fusion_combo",
					"hp": 14
				},
				{
					"name": "Kijo",
					"type": 4,
					"pack_id": 10,
					"move_1": "block",
					"hp": 8
				},
				{
					"name": "MagmaMan",
					"type": 4,
					"pack_id": 10,
					"move_1": "fire_magic",
					"move_2": "meele",
					"hp": 8
				},
				{
					"name": "Prillin",
					"type": 1,
					"pack_id": 10,
					"move_1": "sbeam_cannon",
					"move_2": "destructo_disc",
					"hp": 10
				},
				{
					"name": "Receptionist",
					"type": 0,
					"pack_id": 10,
					"move_1": "impale",
					"hp": 6
				},
				{
					"name": "Show",
					"type": 0,
					"pack_id": 10,
					"move_1": "slam",
					"hp": 7
				},
				{
					"name": "Shun",
					"type": 0,
					"pack_id": 10,
					"move_1": "quick_kick",
					"hp": 7
				},
				{
					"name": "Slime Golem",
					"type": 3,
					"pack_id": 10,
					"move_1": "slam",
					"hp": 12
				},
				{
					"name": "Sorona",
					"type": 0,
					"pack_id": 10,
					"move_1": "quick_kick",
					"move_2": "dodge",
					"hp": 7
				},
				{
					"name": "Spimbi",
					"type": 4,
					"pack_id": 10,
					"move_1": "quick_kick",
					"move_2": "bind",
					"hp": 8
				},
				{
					"name": "Squidimbie",
					"type": 3,
					"pack_id": 10,
					"move_1": "bind",
					"move_2": "grapple",
					"hp": 10
				},
				{
					"name": "Burdock",
					"type": 0,
					"pack_id": 11,
					"move_1": "ki_blast",
					"hp": 7
				},
				{
					"name": "Cell Jr.",
					"type": 4,
					"pack_id": 11,
					"move_1": "quick_kick",
					"move_2": "impale",
					"hp": 10
				},
				{
					"name": "Chronoa",
					"type": 1,
					"pack_id": 11,
					"move_1": "future_sight",
					"move_2": "bind",
					"hp": 13
				},
				{
					"name": "Dr. Hedo",
					"type": 3,
					"pack_id": 11,
					"move_1": "gun",
					"hp": 9
				},
				{
					"name": "Mai Future",
					"type": 0,
					"pack_id": 11,
					"move_1": "gun",
					"hp": 8
				},
				{
					"name": "Kenith Future",
					"type": 0,
					"pack_id": 11,
					"move_1": "sword_slash",
					"hp": 8
				},
				{
					"name": "Future Raider",
					"type": 0,
					"pack_id": 11,
					"move_1": "gun",
					"hp": 5
				},
				{
					"name": "Goku Black",
					"type": 1,
					"pack_id": 11,
					"move_1": "ki_blade",
					"move_2": "ki_blast",
					"hp": 12
				},
				{
					"name": "Mira",
					"type": 3,
					"pack_id": 11,
					"move_1": "slam",
					"move_2": "meele",
					"hp": 12
				},
				{
					"name": "Mr. Cuddles",
					"type": 0,
					"pack_id": 11,
					"move_1": "charm",
					"hp": 14
				},
				{
					"name": "Rogue Wrath",
					"type": 3,
					"pack_id": 11,
					"move_1": "bind",
					"hp": 15
				},
				{
					"name": "Rogue Flesh",
					"type": 3,
					"pack_id": 11,
					"move_1": "slam",
					"hp": 12
				},
				{
					"name": "Rogue Zombie",
					"type": 0,
					"pack_id": 11,
					"move_1": "meele",
					"hp": 10
				},
				{
					"name": "Soldier",
					"type": 0,
					"pack_id": 11,
					"move_1": "gun",
					"hp": 6
				},
				{
					"name": "Trunks SSG",
					"type": 1,
					"pack_id": 11,
					"move_1": "sword_slash",
					"move_2": "burning_attack",
					"hp": 12
				},
				{
					"name": "Goku Black SSJ",
					"type": 2,
					"pack_id": 11,
					"move_1": "ki_blast",
					"move_2": "quick_kick",
					"hp": 14
				},
				{
					"name": "Trunks SSJ",
					"type": 2,
					"pack_id": 11,
					"move_1": "burning_attack",
					"move_2": "meele",
					"hp": 10
				},
				{
					"name": "Trunks SSJ2",
					"type": 1,
					"pack_id": 11,
					"move_1": "sword_slash",
					"move_2": "masenko",
					"hp": 12
				},
				{
					"name": "Goku Black SSR",
					"type": 4,
					"pack_id": 11,
					"move_1": "ki_wave",
					"move_2": "ki_blade",
					"hp": 16
				},
				{
					"name": "Towa",
					"type": 1,
					"pack_id": 11,
					"move_1": "impale",
					"move_2": "charm",
					"hp": 16
				},
				{
					"name": "Trunks",
					"type": 0,
					"pack_id": 11,
					"move_1": "sword_slash",
					"hp": 10
				},
				{
					"name": "Zamasu",
					"type": 3,
					"pack_id": 11,
					"move_1": "ki_blast",
					"move_2": "block",
					"hp": 16
				},
				{
					"name": "Zamasu Fused",
					"type": 1,
					"pack_id": 11,
					"move_1": "angelic_light",
					"move_2": "ki_blade",
					"hp": 20
				},
				{
					"name": "Zamasu Corrupt",
					"type": 2,
					"pack_id": 11,
					"move_1": "slam",
					"move_2": "ki_blast",
					"hp": 19
				},
				{
					"name": "Akara",
					"type": 2,
					"pack_id": 12,
					"move_1": "fire_magic",
					"move_2": "quick_kick",
					"hp": 12
				},
				{
					"name": "Annoying Ender Child",
					"type": 0,
					"pack_id": 12,
					"hp": 5
				},
				{
					"name": "Blao",
					"type": 1,
					"pack_id": 12,
					"move_1": "cold_magic",
					"move_2": "meele",
					"hp": 12
				},
				{
					"name": "Demon Flarbo",
					"type": 2,
					"pack_id": 12,
					"move_1": "impale",
					"hp": 16
				},
				{
					"name": "Dragon Akara",
					"type": 2,
					"pack_id": 12,
					"move_1": "fire_magic",
					"move_2": "dragon_wrath",
					"hp": 15
				},
				{
					"name": "Dragon Balo",
					"type": 1,
					"pack_id": 12,
					"move_1": "cold_magic",
					"move_2": "dragon_wrath",
					"hp": 15
				},
				{
					"name": "Dragon God Zidane",
					"type": 0,
					"pack_id": 12,
					"move_1": "dragon_wrath",
					"move_2": "ki_explosion",
					"hp": 18
				},
				{
					"name": "Dragon Gredori",
					"type": 3,
					"pack_id": 12,
					"move_1": "fat_sheild",
					"move_2": "dragon_wrath",
					"hp": 16
				},
				{
					"name": "Dragon Silvro",
					"type": 4,
					"pack_id": 12,
					"move_1": "impale",
					"move_2": "dragon_wrath",
					"hp": 16
				},
				{
					"name": "Dragon Yakair",
					"type": 2,
					"pack_id": 12,
					"move_1": "slam",
					"move_2": "dragon_wrath",
					"hp": 17
				},
				{
					"name": "Dumpling",
					"type": 0,
					"pack_id": 12,
					"move_1": "block",
					"move_2": "meele",
					"hp": 8
				},
				{
					"name": "Gredori",
					"type": 3,
					"pack_id": 12,
					"move_1": "grapple",
					"move_2": "heal",
					"hp": 12
				},
				{
					"name": "Kenith",
					"type": 0,
					"pack_id": 12,
					"move_1": "sword_slash",
					"hp": 10
				},
				{
					"name": "Silvro",
					"type": 3,
					"pack_id": 12,
					"hp": 12,
					"move_1": "impale",
					"move_2": "block"
				},
				{
					"name": "Reforged Steve",
					"type": 0,
					"pack_id": 12,
					"move_1": "sword_slash",
					"move_2": "impale",
					"hp": 13
				},
				{
					"name": "Yakair",
					"type": 2,
					"pack_id": 12,
					"move_1": "slam",
					"move_2": "block",
					"hp": 12
				},
				{
					"name": "Zidane",
					"type": 0,
					"pack_id": 12,
					"move_1": "dragon_wrath",
					"hp": 14
				},
				{
					"name": "Steve",
					"type": 0,
					"pack_id": 12,
					"move_1": "sword_slash",
					"move_2": "block",
					"hp": 10
				},
				{
					"name": "Diakion",
					"type": 0,
					"pack_id": 13,
					"move_1": "meele",
					"hp": 10
				},
				{
					"name": "Diakion LSSJ",
					"type": 2,
					"pack_id": 13,
					"move_1": "meele",
					"move_2": "ki_blast",
					"hp": 10
				},
				{
					"name": "Diakion LSSJ3",
					"type": 3,
					"pack_id": 13,
					"move_1": "ki_blade",
					"move_2": "grapple",
					"hp": 10
				},
				{
					"name": "Diakion SSB",
					"type": 2,
					"pack_id": 13,
					"move_1": "ki_wave",
					"move_2": "bad_lore",
					"hp": 10
				},
				{
					"name": "Diakion SSG",
					"type": 1,
					"pack_id": 13,
					"move_1": "ki_wave",
					"move_2": "meele",
					"hp": 10
				},
				{
					"name": "Diakion SSJ",
					"type": 4,
					"pack_id": 13,
					"move_1": "slam",
					"hp": 10
				},
				{
					"name": "Final Phantom",
					"type": 1,
					"pack_id": 14,
					"move_1": "bind",
					"move_2": "ki_wave",
					"hp": 12
				},
				{
					"name": "Goku",
					"type": 0,
					"pack_id": 14,
					"move_1": "meele",
					"hp": 10
				},
				{
					"name": "Goku SSB",
					"type": 1,
					"pack_id": 14,
					"move_1": "skamehameha",
					"move_2": "meele",
					"hp": 11
				},
				{
					"name": "Goku SSBKK",
					"type": 4,
					"pack_id": 14,
					"move_1": "instant_transmission_kamehameha",
					"move_2": "kaioken_rush",
					"hp": 14
				},
				{
					"name": "Goku SSJ",
					"type": 2,
					"pack_id": 14,
					"move_1": "kamehameha",
					"hp": 10
				},
				{
					"name": "Goku SSJ2",
					"type": 1,
					"pack_id": 14,
					"move_1": "ki_blast",
					"move_2": "meele",
					"hp": 10
				},
				{
					"name": "Goku SSJ3",
					"type": 2,
					"pack_id": 14,
					"move_1": "skamehameha",
					"move_2": "instant_transmission",
					"hp": 11
				},
				{
					"name": "Sleepy Beerus",
					"type": 3,
					"pack_id": 14,
					"move_1": "block",
					"move_2": "dodge",
					"hp": 10
				},
				{
					"name": "Vegeta",
					"type": 0,
					"pack_id": 14,
					"move_1": "slam",
					"hp": 10
				},
				{
					"name": "Vegeta SSB",
					"type": 1,
					"pack_id": 14,
					"move_1": "gallic_gun",
					"move_2": "quick_kick",
					"hp": 12
				},
				{
					"name": "Vegeta SSG",
					"type": 1,
					"pack_id": 14,
					"move_1": "ki_blast",
					"move_2": "dodge",
					"hp": 11
				},
				{
					"name": "Vegeta SSJ",
					"type": 2,
					"pack_id": 14,
					"move_1": "final_flash",
					"hp": 10
				},
				{
					"name": "Vegeta SSJ2",
					"type": 4,
					"pack_id": 14,
					"move_1": "big_bang",
					"move_2": "slam",
					"hp": 10
				},
				{
					"name": "Whis",
					"type": 0,
					"pack_id": 14,
					"move_1": "angelic_light",
					"move_2": "dodge",
					"hp": 14
				},
				{
					"name": "Whis Staff",
					"type": 3,
					"pack_id": 14,
					"move_1": "error",
					"hp": 8
				},
				{
					"name": "Oracle Fish",
					"type": 3,
					"pack_id": 14,
					"move_1": "heal",
					"hp": 6
				},
				{
					"name": "Sheep in a Tux",
					"type": 0,
					"pack_id": 14,
					"move_1": "charm",
					"move_2": "gun",
					"hp": 7
				},
				{
					"name": "Vegeta Enraged",
					"type": 2,
					"pack_id": 15,
					"move_1": "ki_volley",
					"move_2": "slam",
					"hp": 12
				},
				{
					"name": "Beerus Blast",
					"type": 1,
					"pack_id": 15,
					"move_1": "ki_explosion",
					"hp": 14
				},
				{
					"name": "Beerus",
					"type": 1,
					"pack_id": 15,
					"move_1": "hakai",
					"move_2": "quick_kick",
					"hp": 12
				},
				{
					"name": "God Ritual",
					"type": 0,
					"pack_id": 15,
					"move_1": "heal",
					"hp": 5
				},
				{
					"name": "Goku SSG",
					"type": 3,
					"pack_id": 15,
					"move_1": "ki_blast",
					"move_2": "dodge",
					"hp": 11
				},
				{
					"name": "Goku SSJ",
					"type": 2,
					"pack_id": 15,
					"move_1": "meele",
					"hp": 12
				},
				{
					"name": "Vegeta (Dancing)",
					"type": 3,
					"pack_id": 15,
					"move_1": "charm",
					"hp": 7
				},
				{
					"name": "Whis",
					"type": 0,
					"pack_id": 15,
					"move_1": "dodge",
					"move_2": "scold",
					"hp": 12
				},
				{
					"name": "Yukkiko",
					"type": 2,
					"pack_id": 16,
					"move_1": "scythe_cut",
					"hp": 12
				},
				{
					"name": "Death Reaper",
					"type": 4,
					"pack_id": 16,
					"move_1": "scythe_cut",
					"hp": 10
				},
				{
					"name": "Heithclif",
					"type": 3,
					"pack_id": 16,
					"move_1": "scythe_cut",
					"move_2": "impale",
					"hp": 12
				},
				{
					"name": "Mylene",
					"type": 4,
					"pack_id": 16,
					"move_1": "charm",
					"hp": 8
				},
				{
					"name": "Saya",
					"type": 0,
					"pack_id": 16,
					"move_1": "meele",
					"hp": 8
				},
				{
					"name": "Botamo",
					"type": 3,
					"pack_id": 17,
					"move_1": "fat_sheild",
					"move_2": "mouth_beam",
					"hp": 16
				},
				{
					"name": "Cabba",
					"type": 3,
					"pack_id": 17,
					"move_1": "ki_blast",
					"move_2": "block",
					"hp": 10
				},
				{
					"name": "Champa",
					"type": 1,
					"pack_id": 17,
					"move_1": "hakai",
					"hp": 13
				},
				{
					"name": "Frost",
					"type": 4,
					"pack_id": 17,
					"move_1": "death_beam",
					"move_2": "quick_kick",
					"hp": 10
				},
				{
					"name": "Hit",
					"type": 4,
					"pack_id": 17,
					"move_1": "future_sight",
					"move_2": "slam",
					"hp": 12
				},
				{
					"name": "Magetta",
					"type": 3,
					"pack_id": 17,
					"move_1": "fire_magic",
					"move_2": "slam",
					"hp": 15
				},
				{
					"name": "Goku SSBKK",
					"type": 4,
					"pack_id": 17,
					"move_1": "kaioken_rush",
					"hp": 15
				},
				{
					"name": "Cabba SSJ",
					"type": 2,
					"pack_id": 17,
					"move_1": "ki_volley",
					"move_2": "slam",
					"hp": 12
				},
				{
					"name": "Vados",
					"type": 0,
					"pack_id": 17,
					"move_1": "scold",
					"move_2": "heal",
					"hp": 10
				},
				{
					"name": "Goku KK",
					"type": 0,
					"pack_id": 18,
					"move_1": "quick_kick",
					"move_2": "kaioken_rush",
					"hp": 8
				},
				{
					"name": "Goku SK",
					"type": 2,
					"pack_id": 18,
					"move_1": "skamehameha",
					"move_2": "kaioken_rush",
					"hp": 10
				},
				{
					"name": "Goku SSBKK",
					"type": 4,
					"pack_id": 18,
					"move_1": "kaioken_rush",
					"move_2": "dodge",
					"hp": 12
				},
				{
					"name": "Vegito SBKK",
					"type": 1,
					"pack_id": 18,
					"move_1": "kaioken_rush",
					"move_2": "final_kamehameha",
					"hp": 16
				},
				{
					"name": "Vegito EX",
					"type": 3,
					"pack_id": 18,
					"move_1": "final_kamehameha",
					"move_2": "counter",
					"hp": 18
				},
				{
					"name": "Adult Reaper",
					"type": 4,
					"pack_id": 19,
					"move_1": "scythe_cut",
					"move_2": "impale",
					"hp": 10
				},
				{
					"name": "Chistina",
					"type": 2,
					"pack_id": 19,
					"move_1": "slam",
					"hp": 8
				},
				{
					"name": "Dark Wizard",
					"type": 1,
					"pack_id": 19,
					"move_1": "cold_magic",
					"hp": 5
				},
				{
					"name": "David",
					"type": 3,
					"pack_id": 19,
					"move_1": "dodge",
					"hp": 6
				},
				{
					"name": "Crimzon",
					"type": 0,
					"pack_id": 19,
					"move_1": "gun",
					"hp": 6
				},
				{
					"name": "Pheonix",
					"type": 4,
					"pack_id": 19,
					"move_1": "heal",
					"move_2": "fire_magic",
					"hp": 8
				},
				{
					"name": "Gakih",
					"type": 2,
					"pack_id": 19,
					"move_1": "slam",
					"hp": 10
				},
				{
					"name": "Ichuro",
					"type": 0,
					"pack_id": 19,
					"move_1": "dodge",
					"hp": 7
				},
				{
					"name": "Lisa",
					"type": 4,
					"pack_id": 19,
					"move_1": "impale",
					"hp": 10
				},
				{
					"name": "Richard",
					"type": 2,
					"pack_id": 19,
					"move_1": "slam",
					"hp": 10
				},
				{
					"name": "Ruri",
					"type": 4,
					"pack_id": 19,
					"move_1": "sword_slash",
					"hp": 10
				},
				{
					"name": "Grimace",
					"type": 3,
					"pack_id": 20,
					"move_1": "slam",
					"hp": 12
				},
				{
					"name": "Giga Chad",
					"type": 2,
					"pack_id": 20,
					"move_1": "ki_blast",
					"move_2": "meele",
					"hp": 18
				},
				{
					"name": "Kool Aid Man",
					"type": 1,
					"pack_id": 20,
					"move_1": "fruit_punch",
					"move_2": "ki_wave",
					"hp": 20
				},
				{
					"name": "The Lorax",
					"type": 3,
					"pack_id": 20,
					"move_1": "charm",
					"move_2": "gun",
					"hp": 16
				},
				{
					"name": "Megido",
					"type": 0,
					"pack_id": 21,
					"move_1": "future_sight",
					"hp": 12
				},
				{
					"name": "Chronoa",
					"type": 1,
					"pack_id": 21,
					"move_1": "future_sight",
					"move_2": "quick_kick",
					"hp": 15
				},
				{
					"name": "Xeno Goku",
					"type": 2,
					"pack_id": 21,
					"move_1": "power_pole",
					"move_2": "quick_kick",
					"hp": 14
				},
				{
					"name": "Xeno Vegeta",
					"type": 1,
					"pack_id": 21,
					"move_1": "big_bang",
					"move_2": "ki_volley",
					"hp": 18
				},
				{
					"name": "Xeno Goku SSJ4",
					"type": 4,
					"pack_id": 21,
					"move_1": "dragon_fist",
					"move_2": "instant_transmission_kamehameha",
					"hp": 18
				},
				{
					"name": "Xeno Vegeta SSJ4",
					"type": 2,
					"pack_id": 21,
					"move_1": "final_flash",
					"move_2": "ki_explosion",
					"hp": 15
				},
				{
					"name": "Trunks SSG",
					"type": 1,
					"pack_id": 21,
					"move_1": "heal",
					"move_2": "sword_slash",
					"hp": 15
				},
				{
					"name": "Towa",
					"type": 0,
					"pack_id": 21,
					"move_1": "impale",
					"move_2": "mind_control",
					"hp": 15
				},
				{
					"name": "Mira",
					"type": 3,
					"pack_id": 21,
					"move_1": "block",
					"move_2": "slam",
					"hp": 18
				},
				{
					"name": "Diakion G5",
					"type": 4,
					"pack_id": 21,
					"move_1": "dodge",
					"move_2": "liberation",
					"hp": 14
				},
				{
					"name": "Cooler EX",
					"type": 2,
					"pack_id": 21,
					"move_1": "grapple",
					"move_2": "ki_wave",
					"hp": 14
				},
				{
					"name": "Cell EX",
					"type": 1,
					"pack_id": 21,
					"move_1": "instant_transmission_kamehameha",
					"move_2": "sbeam_cannon",
					"hp": 12
				},
				{
					"name": "Yukiko EX",
					"type": 0,
					"pack_id": 21,
					"move_1": "scythe_cut",
					"move_2": "dodge",
					"hp": 16
				},
				{
					"name": "Demon Yukiko",
					"type": 3,
					"pack_id": 21,
					"move_1": "charm",
					"move_2": "slam",
					"hp": 12
				},
				{
					"name": "Frieza EX",
					"type": 1,
					"pack_id": 21,
					"move_1": "death_beam",
					"move_2": "telekenisis",
					"hp": 10
				},
				{
					"name": "Piccolo EX",
					"type": 4,
					"pack_id": 21,
					"move_1": "sbeam_cannon",
					"move_2": "ki_volley",
					"hp": 10
				},
				{
					"name": "Abo & Kado",
					"type": 3,
					"pack_id": 21,
					"move_1": "quick_kick",
					"move_2": "block",
					"hp": 10
				},
				{
					"name": "Omega Shenron EX",
					"type": 2,
					"pack_id": 21,
					"move_1": "ki_wave",
					"move_2": "slam",
					"hp": 16
				},
				{
					"name": "Dabura EX",
					"type": 3,
					"pack_id": 21,
					"move_1": "spit",
					"move_2": "ki_wave",
					"hp": 12
				},
				{
					"name": "Pheonix EX",
					"type": 4,
					"pack_id": 21,
					"move_1": "impale",
					"move_2": "meele",
					"hp": 12
				},
				{
					"name": "Reaper EX",
					"type": 2,
					"pack_id": 21,
					"move_1": "scythe_cut",
					"move_2": "fire_magic",
					"hp": 12
				},
				{
					"name": "Pikkon EX",
					"type": 2,
					"pack_id": 21,
					"move_1": "ki_wave",
					"move_2": "dodge",
					"hp": 13
				},
				{
					"name": "Demigra",
					"type": 3,
					"pack_id": 21,
					"move_1": "future_sight",
					"move_2": "telekenisis",
					"hp": 18
				},
				{
					"name": "Phantom EX",
					"type": 1,
					"pack_id": 21,
					"move_1": "ki_wave",
					"move_2": "mind_control",
					"hp": 15
				},
				{
					"name": "Dr.Lychee",
					"type": 1,
					"pack_id": 22,
					"move_1": "mind_control",
					"move_2": "telekenisis",
					"hp": 10
				},
				{
					"name": "Elder Pybra",
					"type": 1,
					"pack_id": 22,
					"move_1": "instant_transmission",
					"hp": 6
				},
				{
					"name": "Spirit Saint",
					"type": 1,
					"pack_id": 22,
					"move_1": "instant_transmission",
					"move_2": "telekenisis",
					"hp": 17
				},
				{
					"name": "Elec",
					"type": 3,
					"pack_id": 22,
					"move_1": "charm",
					"move_2": "slam",
					"hp": 11
				},
				{
					"name": "Gas",
					"type": 2,
					"pack_id": 22,
					"move_1": "ki_blast",
					"move_2": "quick_kick",
					"hp": 12
				},
				{
					"name": "Granolah",
					"type": 2,
					"pack_id": 22,
					"move_1": "ki_wave",
					"move_2": "bind",
					"hp": 13
				},
				{
					"name": "Hatchiyack",
					"type": 3,
					"pack_id": 22,
					"move_1": "mouth_beam",
					"move_2": "block",
					"hp": 13
				},
				{
					"name": "Lord Slug",
					"type": 1,
					"pack_id": 22,
					"move_1": "mouth_beam",
					"move_2": "bind",
					"hp": 10
				},
				{
					"name": "Macki",
					"type": 0,
					"pack_id": 22,
					"move_1": "charm",
					"move_2": "meele",
					"hp": 10
				},
				{
					"name": "Oil",
					"type": 3,
					"pack_id": 22,
					"move_1": "fat_sheild",
					"move_2": "bind",
					"hp": 16
				},
				{
					"name": "Lord Slug Orange",
					"type": 2,
					"pack_id": 22,
					"move_1": "ki_wave",
					"move_2": "slam",
					"hp": 14
				},
				{
					"name": "Turles",
					"type": 1,
					"pack_id": 22,
					"move_1": "ki_volley",
					"hp": 10
				},
				{
					"name": "Turles Oozaru",
					"type": 2,
					"pack_id": 22,
					"move_1": "mouth_beam",
					"move_2": "slam",
					"hp": 12
				},
				{
					"name": "Vegeta",
					"type": 1,
					"pack_id": 22,
					"move_1": "instant_transmission",
					"move_2": "gallic_gun",
					"hp": 12
				},
				{
					"name": "Yardratian",
					"type": 1,
					"pack_id": 22,
					"move_1": "instant_transmission",
					"move_2": "meele",
					"hp": 10
				},
				{
					"name": "Spirit",
					"type": 1,
					"pack_id": 22,
					"move_1": "block",
					"hp": 7
				},
				{
					"name": "Goku",
					"type": 3,
					"pack_id": 22,
					"hp": 12,
					"move_1": "instant_transmission",
					"move_2": "quick_kick"
				},
				{
					"name": "Broly",
					"type": 4,
					"pack_id": 22,
					"hp": 14,
					"move_1": "grapple",
					"move_2": "mouth_beam"
				}
			],
			"separators": [
				45,
				52,
				61,
				66,
				76,
				88,
				91,
				101,
				112,
				136,
				152,
				176,
				194,
				200,
				217,
				225,
				230,
				239,
				244,
				255,
				259,
				283
			],
			"props": {}
		},
		{
			"name": "moves",
			"columns": [
				{
					"typeStr": "0",
					"name": "id_name"
				},
				{
					"typeStr": "1",
					"name": "name",
					"display": null
				},
				{
					"typeStr": "5:NEUTRAL,KI,STRENGTH,DEFENSE,SPEED",
					"name": "type"
				},
				{
					"typeStr": "5:SELF,FOE,ALLY,FOE_ALL,ALLY_ALL,ALL,ANY,RANDOM",
					"name": "target_mode"
				},
				{
					"typeStr": "3",
					"name": "power"
				}
			],
			"lines": [
				{
					"type": 0,
					"power": 3,
					"id_name": "meele",
					"name": "Meele",
					"target_mode": 1
				},
				{
					"type": 4,
					"power": 2,
					"id_name": "quick_kick",
					"name": "Quick Kick",
					"target_mode": 1
				},
				{
					"type": 1,
					"power": 4,
					"id_name": "ki_wave",
					"name": "Ki Wave",
					"target_mode": 1
				},
				{
					"id_name": "block",
					"name": "Block",
					"type": 3,
					"power": 4,
					"target_mode": 0
				},
				{
					"type": 1,
					"power": 5,
					"id_name": "kamehameha",
					"name": "Kamehameha",
					"target_mode": 1
				},
				{
					"type": 1,
					"power": 5,
					"id_name": "destructo_disc",
					"name": "Destructo Disc",
					"target_mode": 1
				},
				{
					"type": 1,
					"power": 4,
					"id_name": "dodon_ray",
					"name": "Dodon Ray",
					"target_mode": 1
				},
				{
					"type": 1,
					"power": 17,
					"id_name": "ki_explosion",
					"name": "Ki Explosion",
					"target_mode": 5
				},
				{
					"type": 4,
					"power": 0,
					"id_name": "dodge",
					"name": "Dodge",
					"target_mode": 0
				},
				{
					"type": 4,
					"power": 3,
					"id_name": "sword_slash",
					"name": "Sword Slash",
					"target_mode": 1
				},
				{
					"type": 1,
					"power": 7,
					"id_name": "skamehameha",
					"name": "S.Kamehameha",
					"target_mode": 1
				},
				{
					"id_name": "spirit_bomb",
					"name": "Spirit Bomb",
					"type": 1,
					"power": 14,
					"target_mode": 3
				},
				{
					"id_name": "big_bang",
					"name": "Big Bang",
					"type": 1,
					"power": 5,
					"target_mode": 1
				},
				{
					"id_name": "wold_fang_fist",
					"name": "Wold Fang Fist",
					"type": 4,
					"power": 5,
					"target_mode": 1
				},
				{
					"id_name": "mouth_beam",
					"name": "Mouth Beam",
					"type": 1,
					"power": 4,
					"target_mode": 1
				},
				{
					"id_name": "candy_beam",
					"name": "Candy Beam",
					"type": 0,
					"power": 3,
					"target_mode": 1
				},
				{
					"id_name": "future_sight",
					"name": "Future Sight",
					"type": 4,
					"power": 5,
					"target_mode": 2
				},
				{
					"id_name": "scold",
					"name": "Scold",
					"type": 2,
					"power": 3,
					"target_mode": 1
				},
				{
					"id_name": "sbeam_cannon",
					"name": "SBeam Cannon",
					"type": 1,
					"power": 6,
					"target_mode": 1
				},
				{
					"id_name": "android_barrier",
					"name": "Android Barrier",
					"type": 3,
					"power": 6,
					"target_mode": 0
				},
				{
					"id_name": "absorb",
					"name": "Absorb",
					"type": 3,
					"power": 0,
					"target_mode": 1
				},
				{
					"id_name": "mind_control",
					"name": "Mind Control",
					"type": 4,
					"power": 0,
					"target_mode": 1
				},
				{
					"id_name": "masenko",
					"name": "Masenko",
					"type": 1,
					"power": 5,
					"target_mode": 1
				},
				{
					"id_name": "dragon_fist",
					"name": "Dragon Fist",
					"type": 2,
					"power": 7,
					"target_mode": 1
				},
				{
					"id_name": "glactic_dount",
					"name": "Glactic Dount",
					"type": 1,
					"power": 3,
					"target_mode": 1
				},
				{
					"id_name": "impostor",
					"name": "Impostor",
					"type": 2,
					"power": 7,
					"target_mode": 0
				},
				{
					"id_name": "senzu_bean",
					"name": "Senzu Bean",
					"type": 0,
					"power": 7,
					"target_mode": 1
				},
				{
					"id_name": "kaioken_rush",
					"name": "KK.Rush",
					"type": 4,
					"power": 5,
					"target_mode": 1
				},
				{
					"id_name": "final_kamehameha",
					"name": "F.Kamehameha",
					"type": 1,
					"power": 7,
					"target_mode": 1
				},
				{
					"id_name": "gun",
					"name": "Gun",
					"type": 0,
					"power": 4,
					"target_mode": 1
				},
				{
					"id_name": "charm",
					"name": "Charm",
					"type": 3,
					"power": 0,
					"target_mode": 6
				},
				{
					"id_name": "gallic_gun",
					"name": "Gallic Gun",
					"type": 1,
					"power": 5,
					"target_mode": 1
				},
				{
					"id_name": "telekenisis",
					"name": "Telekenisis",
					"type": 0,
					"power": 4,
					"target_mode": 1
				},
				{
					"id_name": "death_beam",
					"name": "Death Beam",
					"type": 1,
					"power": 4,
					"target_mode": 1
				},
				{
					"id_name": "ki_blast",
					"name": "Ki Blast",
					"type": 1,
					"power": 2,
					"target_mode": 1
				},
				{
					"id_name": "instant_transmission",
					"name": "Instant Transmission",
					"type": 4,
					"power": 3,
					"target_mode": 1
				},
				{
					"id_name": "instant_transmission_kamehameha",
					"name": "IT.Kamehameha",
					"type": 1,
					"power": 6,
					"target_mode": 1
				},
				{
					"id_name": "grapple",
					"name": "Grapple",
					"type": 3,
					"power": 4,
					"target_mode": 1
				},
				{
					"id_name": "scythe_cut",
					"name": "Scythe Cut",
					"type": 0,
					"power": 3,
					"target_mode": 1
				},
				{
					"id_name": "bad_lore",
					"name": "Bad Lore",
					"type": 0,
					"power": 1,
					"target_mode": 5
				},
				{
					"id_name": "fire_magic",
					"name": "Fire Magic",
					"type": 1,
					"power": 5,
					"target_mode": 1
				},
				{
					"id_name": "fat_sheild",
					"name": "Fat Sheild",
					"type": 3,
					"power": 6,
					"target_mode": 0
				},
				{
					"id_name": "rakshasas_claw",
					"name": "Rakshasa's Claw",
					"type": 1,
					"power": 5,
					"target_mode": 1
				},
				{
					"id_name": "error",
					"name": "Error",
					"type": 0,
					"power": 2,
					"target_mode": 5
				},
				{
					"id_name": "slam",
					"name": "Slam",
					"type": 2,
					"power": 5,
					"target_mode": 1
				},
				{
					"id_name": "br_bone",
					"name": "BR Bone",
					"type": 2,
					"power": 8,
					"target_mode": 1
				},
				{
					"id_name": "cold_magic",
					"name": "Cold Magic",
					"type": 1,
					"power": 3,
					"target_mode": 1
				},
				{
					"id_name": "big_bang_Kamehameha",
					"name": "BB Kamehameha",
					"type": 1,
					"power": 6,
					"target_mode": 1
				},
				{
					"id_name": "impale",
					"name": "Impale",
					"type": 4,
					"power": 5,
					"target_mode": 1
				},
				{
					"id_name": "angelic_light",
					"name": "Angelic Light",
					"type": 1,
					"power": 9,
					"target_mode": 3
				},
				{
					"id_name": "ki_blade",
					"name": "Ki Blade",
					"type": 4,
					"power": 4,
					"target_mode": 1
				},
				{
					"id_name": "bind",
					"name": "Bind",
					"type": 3,
					"power": 4,
					"target_mode": 1
				},
				{
					"id_name": "fusion_combo",
					"name": "Fuse Combo",
					"type": 0,
					"power": 6,
					"target_mode": 1
				},
				{
					"id_name": "burning_attack",
					"name": "Burning Attack",
					"type": 1,
					"power": 4,
					"target_mode": 1
				},
				{
					"id_name": "dragon_wrath",
					"name": "Dragon Wrath",
					"type": 0,
					"power": 6,
					"target_mode": 1
				},
				{
					"id_name": "heal",
					"name": "Heal",
					"type": 1,
					"power": 5,
					"target_mode": 2
				},
				{
					"id_name": "hakai",
					"name": "Hakai",
					"type": 1,
					"power": 7,
					"target_mode": 1
				},
				{
					"id_name": "final_flash",
					"name": "Final Flash",
					"type": 1,
					"power": 6,
					"target_mode": 3
				},
				{
					"id_name": "ki_volley",
					"name": "Key Volley",
					"type": 4,
					"power": 3,
					"target_mode": 1
				},
				{
					"id_name": "fruit_punch",
					"name": "Fruit Punch",
					"type": 2,
					"power": 8,
					"target_mode": 1
				},
				{
					"id_name": "power_pole",
					"name": "Power Pole",
					"type": 2,
					"power": 3,
					"target_mode": 1
				},
				{
					"id_name": "liberation",
					"name": "Liberation",
					"type": 0,
					"power": 7,
					"target_mode": 4
				},
				{
					"id_name": "spit",
					"name": "Spit",
					"type": 1,
					"power": 0,
					"target_mode": 1
				},
				{
					"id_name": "counter",
					"name": "Counter",
					"type": 3,
					"power": 3,
					"target_mode": 0
				},
				{
					"id_name": "explosion",
					"name": "Explosion",
					"type": 0,
					"power": 15,
					"target_mode": 5
				}
			],
			"separators": [],
			"props": {}
		}
	],
	"customTypes": [],
	"compress": false
}
